{
	"braids":	{
		"module":	"brds",
		"presets":	{
			"Default":	{
				"r_cutoff":	36.363636,
				"r_time":	26.392960,
				"f_attack":	0,
				"f_release":	281.524933,
				"f_sustain":	0,
				"f_env_amt":	5.865103,
				"o_timbre":	15.444771,
				"o_shape":	20,
				"o_colour":	10.654937,
				"r_diff":	34.995113,
				"o_transpose":	12,
				"r_amt":	38.220917,
				"f_decay":	144.672531,
				"e_sustain":	31.476051,
				"e_release":	351.906158,
				"e_attack":	0,
				"e_decay":	238.514175,
				"f_reson":	8.406648,
				"f_cutoff":	777.126099
			},
			"NoReverb":	{
				"r_cutoff":	0,
				"r_time":	0,
				"f_attack":	0,
				"f_release":	326.490692,
				"f_sustain":	0,
				"f_env_amt":	25.610947,
				"o_timbre":	83.479958,
				"o_shape":	15,
				"o_colour":	18.670576,
				"r_diff":	0,
				"o_transpose":	0,
				"r_amt":	0,
				"f_decay":	422.287415,
				"e_sustain":	50,
				"e_release":	50,
				"e_attack":	0,
				"e_decay":	500,
				"f_reson":	0,
				"f_cutoff":	1671.554199
			}
		},
		"midi-mapping":	{
			"cc":	{
			}
		}
	}
}
